ASIN,SKU,Title,FNSKU,Category,Sub-Category,COGS
B0FDWJC58Y,WHALEBLUE-2COMP-LB,S2C Stainless Steel Kids Lunch Box | 2-Compartment Bento Box with Leak-Proof Lid & Cute Printed Design | Compact & Easy-to-Carry | Ideal for School Snacks & Meals (BLUE WHALE),X002C6AYY5,Lunch Box,2 COMP,19.28
B0FDVF7RKT,BUGPURPLE-2COMP-LB,S2C Stainless Steel Kids Lunch Box | 2-Compartment Bento Box with Leak-Proof Lid & Cute Printed Design | Compact & Easy-to-Carry | Ideal for School Snacks & Meals (PURPLE BUG),X002C6CH1X,Lunch Box,2 COMP,19.28
B0FDVZ656R,RAINBOW-2COMP-LB,S2C Stainless Steel Kids Lunch Box | 2-Compartment Bento Box with Leak-Proof Lid & Cute Printed Design | Compact & Easy-to-Carry | Ideal for School Snacks & Meals (RAINBOW),X002C67709,Lunch Box,2 COMP,19.28
B0DL5P6243,24ACRYLICCOMBOS,S2C Acrylic Paint & Professional Brush Combo Set - 24x12ml Non-Toxic Vibrant Acrylic Colors + Nylon Hair Brushes for Canvas Wood Rock & Face Painting – Ideal for Beginners & Professionals,X001UOXBCh,Art Supplies,24 Color Combo,11.54
B08V9BC4QN,SE-YYC0-6GAQ,S2C Acrylic Paint set 24x12ml Tubes Artist Quality oil Acrylic paints water color Non Toxic vibrant colors Oil paint suitable for beginners & professionals painting on Canvas wood clay (Color-24),X0025VRWXD,Art Supplies,24 colors,7.18
B0FDQZTJ1V,WHALEBLUE-3COMP-LB,S2C 1400ml LeakProof Lunch Box for Kids School with Spoon Fork & Knife – Bento Lunch Box for Adults - Durable Perfect Size 3 Compartments Tiffin Box for Office BPA Free Food Safe. (BLUE WHALE),X002C5ZWFH,Lunch Box,3 COMP,19.28
B0FDR3C11D,RAINBOW-3COMP-LB,S2C 1400ml LeakProof Lunch Box for Kids School with Spoon Fork & Knife – Bento Lunch Box for Adults - Durable Perfect Size 3 Compartments Tiffin Box for Office BPA Free Food Safe. (RAINBOW),X002C5RABL,Lunch Box,3 COMP,19.28
B0FDR3H1N5,BUGPURPLE-3COMP-LB,S2C 1400ml LeakProof Lunch Box for Kids School with Spoon Fork & Knife – Bento Lunch Box for Adults - Durable Perfect Size 3 Compartments Tiffin Box for Office BPA Free Food Safe. (PURPLE BUG),X002C5RDHR,Lunch Box,3 COMP,19.28
B0DSFZ22TB,30OZTBLACKS,S2C Zenith TrekMate 30oz Stainless Steel Tumbler with Handle & Flip Straw | Leakproof Double-Wall Insulated | Fits Cup Holder | Keeps Coffee & Water Hot or Cold for Hours | Durable Travel Mug (Black),X001UC3K2Z,Tumblrs,30oz,10.77
B0DSFYG1FJ,30OZTBLUES,S2C Zenith TrekMate 30oz Stainless Steel Tumbler with Handle & Flip Straw | Leakproof Double-Wall Insulated | Fits Cup Holder | Keeps Coffee & Water Hot or Cold for Hours | Durable Travel Mug (Blue),X0027OXZMF,Tumblrs,30oz,10.77
B0DSFYFTYD,30OZTGREENS,S2C Zenith TrekMate 30oz Stainless Steel Tumbler with Handle & Flip Straw | Leakproof Double-Wall Insulated | Fits Cup Holder | Keeps Coffee & Water Hot or Cold for Hours | Durable Travel Mug (Green),X0027OV2BV,Tumblrs,30oz,10.77
B0DSFY76L6,30OZTMOCHAS,S2C Zenith TrekMate 30oz Stainless Steel Tumbler with Handle & Flip Straw | Leakproof Double-Wall Insulated | Fits Cup Holder | Keeps Coffee & Water Hot or Cold for Hours | Durable Travel Mug (Mocha),X0027OQGGR,Tumblrs,30oz,10.77
B0DSFZK5W7,30OZTPINKS,S2C Zenith TrekMate 30oz Stainless Steel Tumbler with Handle & Flip Straw | Leakproof Double-Wall Insulated | Fits Cup Holder | Keeps Coffee & Water Hot or Cold for Hours | Durable Travel Mug (Pink),X0027OY19L,Tumblrs,30oz,10.77
B0DSFZBCQ6,30OZTALPHINES,S2C Zenith TrekMate 30oz Stainless Steel Tumbler with Handle & Flip Straw | Leakproof Double-Wall Insulated | Fits Cup Holder | Keeps Drinks Hot & Cold for Hours (Alpine),X0027OXXXMH,Tumblrs,30oz,10.77
B0CD2VQXZ9,32OZWBNAVYBLUES,S2C Stainless Steel Water Bottle 1L 32oz Double Wall Vacuum Insulated BPA Free Water Bottle for Kids School with Spout Lid - Thermos Water Flask for Hot Water (NAVY BLUE),X001ZCOJYX,Water Bottles,32oz Spout,11.79
B0F99R2PR9,32OZDARKNIGHTS,S2C Stainless Steel Water Bottle 1L 32oz Double Wall Vacuum Insulated Water Bottle BPA Free for Kids School with Spout Lid - Thermos Water Flask for Hot Water (DARK NIGHT),X001S44VD7,Water Bottles,32oz Spout,11.79
B0F6CBFM59,32OZWBPURPLES,S2C Stainless Steel Water Bottle 1L 32oz Double Wall Vacuum Insulated Water Bottle BPA Free for Kids School with Spout Lid - Thermos Water Flask for Hot Water (PURPLE),X002B7Z9EZ,Water Bottles,32oz Spout,11.79
B0CKT6VV9G,32OZWBREDS,S2C Stainless Steel Water Bottle 1L 32oz Double Wall Vacuum Insulated Water Bottle BPA Free for Kids School with Spout Lid - Thermos Water Flask for Hot Water (RED),X002AHYSWP,Water Bottles,32OZ-2 IN 1,11.79
B0CD2WJT3N,32OZWBBLACKNEWS,S2C Stainless Steel Water Bottle 1L 32oz Double Wall Vacuum Insulated Water Bottle BPA Free for Kids School with Spout Lid - Thermos Water Flask for Hot Water (BLACK),X001VVN0FH,Water Bottles,32oz Spout,11.79
B0CKSVJT47,320ZWBROSEPINKS,S2C Stainless Steel Water Bottle 1L 32oz Double Wall Vacuum Insulated Water Bottle BPA Free for Kids School with Spout Lid - Thermos Water Flask for Hot Water (G PINK),X001TWA0TR,Water Bottles,32oz Spout,11.79
B0CKSRCXNN,320ZWBGREYS,S2C Stainless Steel Water Bottle 1L 32oz Double Wall Vacuum Insulated Water Bottle BPA Free for Kids School with Spout Lid - Thermos Water Flask for Hot Water (GREY),X001VV4UXX,Water Bottles,32oz Spout,11.79
B0CKSRWR85,320ZWBORANGES,S2C Stainless Steel Water Bottle 1L 32oz Double Wall Vacuum Insulated Water Bottle BPA Free for Kids School with Spout Lid - Thermos Water Flask for Hot Water (ORANGE),X001VVFXHP,Water Bottles,32oz Spout,11.79
B0CD3JGXP3,BH-JUJ1-WPO5,S2C Stainless Steel Water Bottle 1L 32oz Double Wall Vacuum Insulated Water Bottle BPA Free for Kids School with Spout Lid - Thermos Water Flask for Hot Water (ROSE PINK),X001VVBF63,Water Bottles,32oz Spout,11.79
B0CD2T2PMD,32OZWBGREENNEWS,S2C Stainless Steel Water Bottle 1L 32oz Double Wall Vacuum Insulated Water Bottle BPA Free for Kids School with Spout Lid - Thermos Water Flask for Hot Water (SEA GREEN),X001TW97PF,Water Bottles,32oz Spout,11.79
B0CD3K1ST4,32OZWBSKYBLUES,S2C Stainless Steel Water Bottle 1L 32oz Double Wall Vacuum Insulated Water Bottle BPA Free for Kids School with Spout Lid - Thermos Water Flask for Hot Water (SKY BLUE),X001TW8WJ7,Water Bottles,32oz Spout,11.79
B0CKSRFGBH,32OZWBWHITES,S2C Stainless Steel Water Bottle 1L 32oz Double Wall Vacuum Insulated Water Bottle BPA Free for Kids School with Spout Lid - Thermos Water Flask for Hot Water (WHITE),X001TWE1M9,Water Bottles,32oz Spout,11.79
B0CKSSZK2W,32OZWBYELLOWS,S2C Stainless Steel Water Bottle 1L 32oz Double Wall Vacuum Insulated Water Bottle BPA Free for Kids School with Spout Lid - Thermos Water Flask for Hot Water (YELLOW),X001VVFMFN,Water Bottles,32oz Spout,11.79
B0CL9KT95G,32OZSTRAWLIDBLACKS,S2C Stainless Steel Water Bottle 1L 32oz Double Wall Vacuum Insulated Water Bottle BPA Free Water Bottle for Kids School with Straw lid- Thermos Water Flask for Hot Water (BLACK),X001VVB64J,Water Bottles,32oz Straw,11.79
B0CL9MSF5Q,32OZSTRAWLIDGREENS,S2C Stainless Steel Water Bottle 1L 32oz Double Wall Vacuum Insulated Water Bottle BPA Free Water Bottle for Kids School with Straw lid- Thermos Water Flask for Hot Water (GREEN),X001W2FJ95,Water Bottles,32oz Straw,11.79
B0CL9N181R,32OZSTRAWLIDNAVYBLUES,S2C Stainless Steel Water Bottle 1L 32oz Double Wall Vacuum Insulated Water Bottle BPA Free Water Bottle for Kids School with Straw lid- Thermos Water Flask for Hot Water (NAVY BLUE),X001W2FUGR,Water Bottles,32oz Straw,11.79
B0CL9LJJXD,32OZSTRAWLIDPINKS,S2C Stainless Steel Water Bottle 1L 32oz Double Wall Vacuum Insulated Water Bottle BPA Free Water Bottle for Kids School with Straw lid- Thermos Water Flask for Hot Water (ROSE PINK),X001W2GFJN,Water Bottles,32oz Straw,11.79
B0CL9MNSCY,32OZSTRAWLIDSKYBLUES,S2C Stainless Steel Water Bottle 1L 32oz Double Wall Vacuum Insulated Water Bottle BPA Free Water Bottle for Kids School with Straw lid- Thermos Water Flask for Hot Water (SKY BLUE),X001W2B2GJ,Water Bottles,32oz Straw,11.79
B0FFB8WPJ3,32OZPINK2IN1S,S2C Stainless Steel 1L 32oz Double Wall Vacuum Insulated Water Bottle BPA Free for Kids School with Spout Lid - Thermos Water Flask for Hot Water (PINK),X002C9PAGJ,Water Bottles,32OZ-2 IN 1,11.79
B0FFB9DLRT,32OZDRAIN2IN1S,S2C Stainless Steel 1L 32oz Double Wall Vacuum Insulated Water Bottle BPA Free for Kids School with Spout Lid - Thermos Water Flask for Hot Water (DARK RAINBOW),X002C9POYR,Water Bottles,32OZ-2 IN 1,11.79
B0FFB6SC6W,32OZBLACK2IN1S,S2C Stainless Steel 1L 32oz Double Wall Vacuum Insulated Water Bottle BPA Free for Kids School with Spout Lid - Thermos Water Flask for Hot Water (BLACK),X002C9O6BJ,Water Bottles,32OZ-2 IN 1,11.79
B0FFB7V323,32OZNAVY2IN1S,S2C Stainless Steel 1L 32oz Double Wall Vacuum Insulated Water Bottle BPA Free for Kids School with Spout Lid - Thermos Water Flask for Hot Water (NAVY BLUE),X002C9O501,Water Bottles,32OZ-2 IN 1,11.79
B0C8HWKTFX,36ACRYLICCOLORSS,S2C Acrylic Paint set 36x12ml Tubes Artist Quality oil Acrylic paints water color Non Toxic vibrant colors Oil paint suitable for beginners & professionals painting on Canvas wood clay (36 COLORS),X001B61TN7,Art Supplies,36 Colors,11.11
B0C7S25F16,40OZSEAGREENS,S2C 1200ML Insulated Water Bottle with 3 Lids Double Wall Leak Proof Stainless bottle With Straw For Gym Water Bottle Thermos Flask for Hot Water (SEA GREEN),X001SK9VHR,Water Bottles,40oz,16.15
B0C6FRRGCV,40OZBUBBLEGUMS,S2C 1200ML Insulated Water Bottle with 3 Lids Double Wall Leak Proof Stainless Steel Bottle With Straw For Gym Water Bottle Thermos Flask for Hot Water (BUBBLE GUM),X001SRBAAV,Water Bottles,40oz,16.15
B0B6SQB5Q4,40OZDARKNIGHTS,S2C 1200ML Insulated Water Bottle with 3 Lids Double Wall Leak Proof Stainless Steel Bottle With Straw For Gym Water Bottle Thermos Flask for Hot Water Bottle (DARK NIGHT),X001SDUDZZD,Water Bottles,40oz,16.15
B0C6FS4Z25,40OZSKYS,S2C 1200ML Insulated Water Bottle with 3 Lids Double Wall Leak Proof Stainless Steel Bottle With Straw For Gym Water Bottle Thermos Flask for Hot Water Bottle (SKY),X001LP4EFX,Water Bottles,40oz,16.15
B0B6SRV4M3,400ZBLACKS,S2C 1200ML Insulated Water Bottle with 3 Lids Double Wall Leak Proof Stainless Steel Water Bottle With Straw For Gym Thermos Flask for Hot Water Bottle (BLACK),X001SDTLHJ,Water Bottles,40oz,16.15
B0B6SRTFM3,400ZBLUES,S2C 1200ML Insulated Water Bottle with 3 Lids Double Wall Leak Proof Stainless Steel Water Bottle With Straw For Gym Thermos Flask for Hot Water Bottle (BLUE),X001LP4Y6R,Water Bottles,40oz,16.15
B0BDVSHLFF,40OZDARKRAINBOWS,S2C 1200ML Insulated Water Bottle with 3 Lids Double Wall Leak Proof Stainless Steet Straw Water Bottle For Gym Thermos Flask for Hot Water (DARK RAINBOW),X001LP505V,Water Bottles,40oz,16.15
B0B6SP3859,400ZGRAPHITES,S2C 1200ML Insulated Water Bottle with 3 Lids Double Wall Leak Proof Stainless Straw Water Bottle For Gym Thermos Flask for Hot Water Bottle (GREY),X001MT0ZKL,Water Bottles,40oz,16.15
B0DSG4MD58,40OZTALPPINES,S2C 40oz Stainless Steel Tumbler with Handle & Straw – Double Wall Vacuum Insulated Mug – Leakproof BPA-Free Keeps Drinks Hot & Cold – Ideal for Office Gym Travel – Fits Car Cup Holder–(Alpine),X001L9V8FD,Tumblrs,40ozT,11.28
B0DSF6V13B,40OZTBLACKS,S2C 40oz Stainless Steel Tumbler with Handle & Straw – Double Wall Vacuum Insulated Mug – Leakproof BPA-Free Keeps Drinks Hot & Cold – Ideal for Office Gym Travel – Fits Car Cup Holder–(Black),X0027P1I19,Tumblrs,40ozT,11.28
B0DSG3Z8J7,40OZTBLUES,S2C 40oz Stainless Steel Tumbler with Handle & Straw – Double Wall Vacuum Insulated Mug – Leakproof BPA-Free Keeps Drinks Hot & Cold – Ideal for Office Gym Travel – Fits Car Cup Holder–(Blue),X0027OH9TZ,Tumblrs,40ozT,11.28
B0DSF61J51,40OZTGREENS,S2C 40oz Stainless Steel Tumbler with Handle & Straw – Double Wall Vacuum Insulated Mug – Leakproof BPA-Free Keeps Drinks Hot & Cold – Ideal for Office Gym Travel – Fits Car Cup Holder–(Green),X0027P3VL9,Tumblrs,40ozT,11.28
B0DSF8B5NH,40OZTMOCHAS,S2C 40oz Stainless Steel Tumbler with Handle & Straw – Double Wall Vacuum Insulated Mug – Leakproof BPA-Free Keeps Drinks Hot & Cold – Ideal for Office Gym Travel – Fits Car Cup Holder–(Mocha),X0027OWVWF,Tumblrs,40ozT,11.28
B0DSF5XD3H,40OZTPINKS,S2C 40oz Stainless Steel Tumbler with Handle & Straw – Double Wall Vacuum Insulated Mug – Leakproof BPA-Free Keeps Drinks Hot & Cold – Ideal for Office Gym Travel – Fits Car Cup Holder–(Pink),X0027P5E5P,Tumblrs,40ozT,11.28
B0C77KPS8D,500MLBLACKS,S2C Water Bottle Stainless Steel 500ml - Double Wall insulated Water Bottles for Hot Water Gym Bottle Stainless Steel Water Bottle for Kids School Flask Bottle Hot water bottle (BLACK 500ML),X001UTKAGR,Water Bottles,500 ML,8.2
B0C77KZXZD,500MLPEACHS,S2C Water Bottle Stainless Steel 500ml - Double Wall insulated Water Bottles for Hot Water Gym Bottle Stainless Steel Water Bottle for Kids School Flask Bottle Hot water bottle (DARKBLUE 500ML),X001SLOIWJ,Water Bottles,500 ML,8.2
B0DG55LWJC,WB500mlGREENS,S2C Water Bottle Stainless Steel 500ml - Double Wall insulated Water Bottles for Hot Water Gym Bottle Stainless Steel Water Bottle for Kids School Flask Bottle Hot water bottle (GREEN 500ml),X001SLJZM7,Water Bottles,500 ML,8.2
B0C77LYQN3,500MLGREENS,S2C Water Bottle Stainless Steel 500ml - Double Wall insulated Water Bottles for Hot Water Gym Bottle Stainless Steel Water Bottle for Kids School Flask Bottle Hot water bottle (SEA GREEN 500ML),X0024E2XY9,Water Bottles,500 ML,8.2
B0C77HR86X,500MLTEAPINKS,S2C Water Bottle Stainless Steel 500ml - Double Wall insulated Water Bottles for Hot Water Gym Bottle Stainless Steel Water Bottle for Kids School Flask Bottle Hot water bottle (TEA PINK 500ML),X001SLK0QR,Water Bottles,500 ML,8.2
B0BM6NZ9XT,WB750MLBLACKS,S2C Water Bottle Stainless Steel 750ml - Double Wall insulated Water Bottles for Hot Water Gym Bottle Stainless Steel Water Bottle for Kids School Flask Bottle Hot water bottle (BLACK 750ml),X001SLORBB,Water Bottles,750ML,9.64
B0BM6M92RQ,WB750MLBLUES,S2C Water Bottle Stainless Steel 750ml - Double Wall insulated Water Bottles for Hot Water Gym Bottle Stainless Steel Water Bottle for Kids School Flask Bottle Hot water bottle (BLUE 750ml),X001O402EN,Water Bottles,750ML,9.64
B0BM6LKX1Z,WB750MLSGREENS,S2C Water Bottle Stainless Steel 750ml - Double Wall insulated Water Bottles for Hot Water Gym Bottle Stainless Steel Water Bottle for Kids School Flask Bottle Hot water bottle (GREEN 750ml),X001O3RC79,Water Bottles,750ML,9.64
B0BM6N374C,WB750MLGREYS,S2C Water Bottle Stainless Steel 750ml - Double Wall insulated Water Bottles for Hot Water Gym Bottle Stainless Steel Water Bottle for Kids School Flask Bottle Hot water bottle (GREY 750ml),X001O3V3UV,Water Bottles,750ML,9.64
B0CFVZNVYZ,WB750mlPEACHS,S2C Water Bottle Stainless Steel 750ml - Double Wall insulated Water Bottles for Hot Water Gym Bottle Stainless Steel Water Bottle for Kids School Flask Bottle Hot water bottle (PEACH 750ml),X001O3RCE7,Water Bottles,750ML,9.64
B0CFVWG53B,WB750mlPURPLES,S2C Water Bottle Stainless Steel 750ml - Double Wall insulated Water Bottles for Hot Water Gym Bottle Stainless Steel Water Bottle for Kids School Flask Bottle Hot water bottle (PURPLE 750ml),X001UBPE7P,Water Bottles,750ML,9.64
B0BM6MYHN5,WB750MLREDS,S2C Water Bottle Stainless Steel 750ml - Double Wall insulated Water Bottles for Hot Water Gym Bottle Stainless Steel Water Bottle for Kids School Flask Bottle Hot water bottle (RED 750ml),X001UBW51D,Water Bottles,750ML,9.64
B0CFVTL8S5,WB750mlSILVERS,S2C Water Bottle Stainless Steel 750ml - Double Wall insulated Water Bottles for Hot Water Gym Bottle Stainless Steel Water Bottle for Kids School Flask Bottle Hot water bottle (SILVER 750ml),X001O3R90T,Water Bottles,750ML,9.64
B0BM6M3DPW,WB750MLPINKS,S2C Water Bottle Stainless Steel 750ml - Double Wall insulated Water Bottles for Hot Water Gym Bottle Stainless Steel Water Bottle for Kids School Flask Bottle Hot water bottle (TEA PINK 750ml),X001UBWYFFZ,Water Bottles,750ML,9.64
B0CFVX1H24,9J-YOUU-HW3U,S2C Water Bottle Stainless Steel 750ml - Double Wall insulated Water Bottles for Hot Water Gym Bottle Stainless Steel Water Bottle for Kids School Flask Bottle Hot water bottle (WHITE 750ml),X001O3V6IZ,Water Bottles,750ML,9.64
B0FFM7RJ4L,WB750MLYELLOWS,S2C Water Bottle Stainless Steel 750ml - Double Wall insulated Water Bottles for Hot Water Gym Bottle Stainless Steel Water Bottle for Kids School Flask Bottle Hot water bottle (YELLOW 750ml),X002CBLFD9,Water Bottles,750ML,9.64
B0C71HB4WH,5PCPINKNEWS,S2C 11 Pcs Silicone Baby Feeding Set Led Weaning Set Feeding Supplies for Toddlers Suction Silicone Baby Plate with Divider Feeder Bib Spoon (PINK),X001TW8X1J,Baby and Toddlers,Baby Feeding Set,19
B0D9BVP7SZ,5PCSKYBLUES,S2C 11 Pcs Silicone Baby Feeding Set Led Weaning Set Feeding Supplies for Toddlers Suction Silicone Baby Plate with Divider Feeder Bib Spoon (SKY BLUE),X001SK8WGD,Baby and Toddlers,Baby Feeding Set,19
B0C71FR6SB,5PCGREYNEWS,S2C 11 Pcs Silicone Baby Feeding Set Led Weaning Set Feeding Supplies for Toddlers Suction Silicone Plate with Divider Feeder Bib Spoon (GREY),X0022XNN69,Baby and Toddlers,Baby Feeding Set,19
B0DJY8SPG1,5PCSLIGHTPINKS,S2C 5 Pcs Silicone Baby Feeding Set Baby Led Weaning Set Feeding Supplies for Toddlers New Born Baby Gift Set Suction Silicone Baby Plate with Divider Baby Feeder Bib Spoon (Light Pink),X001SRMTCT,Baby and Toddlers,Baby Feeding Set,15.91
B0C71HHRR Q,5PCBLUENEWS,S2C 5 Pcs Silicone Baby Feeding Set Led Weaning Supplies for Toddlers and Newborns - Suction Plate with Divider Feeder Bib Spoon (Blue),X0025I4P13,Baby and Toddlers,Baby Feeding Set,15.91
B0C71FH3N1,6PCBLUENEWS,S2C 6 Pcs Silicone Baby Feeding Set Baby Led Weaning Set Feeding Supplies for Toddlers New Born Baby Gift Set Suction Silicone Baby Plate with Divider Baby Feeder Bib Spoon (BLUE),X001ZNA01X,Baby and Toddlers,Baby Feeding Set,15.91
B0C71FVNZW,6PCPINKNEWS,S2C 6 Pcs Silicone Baby Feeding Set Baby Led Weaning Set Feeding Supplies for Toddlers New Born Suction Silicone Plate with Divider Feeder Bib Spoon (PINK),X001SK9VDB,Baby and Toddlers,Baby Feeding Set,15.91
B0CGML9XF1,6PCSLIGHTBLUES,S2C 6 Pcs Silicone Baby Feeding Set Baby Led Weaning Set Feeding Supplies for Toddlers New Born Suction Silicone Plate with Divider Feeder Bib Spoon (SKY BLUE),X001SK8W8L,Baby and Toddlers,Baby Feeding Set,15.91
B0C71HYMWC,6PCGREYNEWS,S2C 6 Pcs Silicone Baby Feeding Set Baby Led Weaning Set Feeding Supplies for Toddlers New Born Suction Silicone Plate with Divider Feeder Bib Spoon (YELLOW),X001UP5NNB,Baby and Toddlers,Baby Feeding Set,15.91
B0CGMMSMCH,6PCSLIGHTPINKS,S2C 6 Pcs Silicone Baby Feeding Set Led Weaning Supplies for Toddlers Newborn Gift Suction Plate with Divider Feeder Bib Spoon (Light Pink),X001SKBIFP,Baby and Toddlers,Baby Feeding Set,15.91
B0F1XVVC22,V8-0T2I-663N,S2C Stretched White Blank Canvas – Artist Canvas Board – Wooden Painting Panel Boards for Acrylic Oil & Watercolor – DIY Drawing & Painting (Pack of 6),X001W2JFIV,Art Supplies,Canvas Board,11.04
B0CJDZ8BG2,LITTERMATMEDIUMS,S2C Premium Cat Litter Mat Cat Litter Matte Scatter Control Cat Mat Waterproof Double Layer Honeycomb Design Easy To Clean Cat Accessories for indoor cats (45 * 60),X0021KMDFZ,Pet Supplies,Cat Litter Mat,6.89
B0CJDWPYNR,LITTERMATLARGES,S2C Premium Cat Litter Mat Cat Litter Matte Scatter Control Cat Mat Waterproof Double Layer Honeycomb Design Easy To Clean Cat Accessories for indoor cats (55 * 75),X001VEQS49,Pet Supplies,Cat Litter Mat,9.36
B0CYQBHR9G,CATSCRATCHPAD60x40,S2C Cat Scratching Mat 60x40CM Natural Sisal Cat Scratch Mats Horizontal Non Slip Cat Scratch Pad & Cat Rug for Floor Cat Mat Protect Carpets and Sofas Cat Mat With Sticky Velcro Tapes,X001VJBKM9,Pet Supplies,Cat Mat,8.08
B0BZW76QLC,CATBEDWBLNKTS,S2C Cat Window Bed with Blanket Perch Window Seat Suction Cups Space-Saving Cat Hammock Pet Resting Seat Safety Cat Shelves - Offering 360-degree Sunbathing for Cats up to 22 kgs (WITH CUSHION),X001ZODSXT,Pet Supplies,Cat Window Bed,16.92
B0BZW5PXXZ,CATWINDWBEDS,S2C Cat Window Bed Perch Window Seat Suction Cups Space-Saving Cat Hammock Pet Resting Seat Safety Cat Shelves - Offering 360-degree Sunbathing for Cats up to 22 kgs (WITHOUT CUSHION),X001R11KRV,Pet Supplies,Cat Window Bed,11.79
B0DRJ977XW,JU-XL02-EHTG,S2C Cordless Water Flosser – Rechargeable Oral Irrigator for Teeth Cleaning – IPX7 Waterproof Deep Cleaning for Braces & Dental Work 3 Pressure Modes,X001U92IFX,Health,Dental Flosser,27.47
B0DRL2YZ2P,DENTALFLOSSERS,S2C Cordless Water Flosser – Rechargeable Oral Irrigator for Teeth Cleaning – IPX7 Waterproof Deep Cleaning for Braces & Dental Work 3 Pressure Modes,X0027CCKXH,Health,Dental Flosser,27.47
B09TR8TMHR,IW-OT00-2JCP,S2C Dish Drying Stand & Drainer - Large Countertop Antibacterial Dish Rack (Black),X0027COUG7,Home and Kitchen,Dish Rack,9.14
B08WNJ6JMH,A0-7VIA-W1E0,S2C Dish Rack Dish Drying Stand Dish Drainer Plate Rack Dish rake Kitchen Organizer Dish Drying Rack Countertop Large Antibacterial Kitchen Utensils Dish racks Dish Stand (STYLE A),X001J1SPYZ,Home and Kitchen,Dish Rack,18.59
B08WNQRQB7,VX-31ID-3LZ2,S2C Dish Rack Dish Drying Stand Dish Drainer Plate Rack Dish rake Kitchen Organizer Dish Drying Rack Countertop Large Antibacterial Kitchen Utensils racks Stand (Single Tier),X001BJ17R7,Home and Kitchen,Dish Rack,9.25
B09NJP J6NP,KF-M530-I02Y,S2C Puppy Toys Gift Set for Small Dogs 7 Pack Small Dog Toys Cat Toys Cute Squeaky Dog Toys Durable Puppy Teething Toys Puppy Chew Toys Non-Toxic and Safe for Dogs and Cats (7 PCS DOG STYLE),X001ED2NIR,Pet Supplies,Dog toys,9.96
B0CYLW2G86,18OZSWBMIX1S,S2C 550ml Leakproof Stainless Steel Water Bottle for Kids With Straw & Handle |Kids Water Bottle For School Boys Girls|Easy to Carry|BPA Free,X001SK8WIV,Water Bottles,Kids Bottle - Zaafi,14.10
B0CYLWL9WM,18OZSWBPINKS,S2C 550ml Leakproof Stainless Steel Water Bottle for Kids With Straw & Handle Kids Water Bottle For School Boys Girls|Easy to Carry|BPA Free (PINK),X001ZMROQD,Water Bottles,Kids Bottle - Zaafi,14.10
B0CYLWTTRG,18OZSWBGREENS,S2C 550ml LeakProof Stainless Steel Water Bottle for Kids With Straw & Handle Toddler | Kids Water Bottle For School Boys Girls|Easy to Carry|BPA Free,X001ZMS8N1,Water Bottles,Kids Bottle - Zaafi,14.10
B0CYMQ56GH,18OZSWBBLUES,S2C 550ml Stainless Steel Water Bottle for Kids With Straw & Handle|Leakproof For School Boys Girls|Easy to Carry|BPA Free (BLUE),X001ZMX01L,Water Bottles,Kids Bottle - Zaafi,14.10
B0CH9RTZXX,KIDSWBPURPLEPIGGY,S2C Kids Water Bottle with Straw & Handle - 16 oz BPA Free Kids Water Bottles Spill Proof Cups for kids Easy-Clean Water Bottle With Straw Kids Water Bottle For School toddler water bottle,X001AMEG6T,Water Bottles,Kids Bottle - 16OZ,7.18
B0CHY5NZ2C,KIDSPINKFLAMINGOS,S2C Kids Water Bottle with Straw & Handle - 16 oz BPA Free Kids Water Bottles Spill Proof Cups for kids Easy-Clean Water Bottle With Straw Kids Water Bottle For School toddler water bottle,X001UWVKIB,Water Bottles,Kids Bottle - 16OZ,7.18
B0CMCLKHRL,18OZWBSEAGREENS,S2C Kids Water Bottle with Straw Lid – 550ml Stainless Steel Double Wall Insulated BPA-Free Leak-Proof Bottle for School & Toddlers (AQUA),X001V8BATN,Water Bottles,Kids Bottle - Printed,14.36
B0F6C8DFQQ,18OZWBBSPACES,S2C Kids Water Bottle with Straw Lid – 550ml Stainless Steel Double Wall Insulated BPA-Free Leak-Proof Bottle for School & Toddlers (BLACK SPACE),X001WDUMSH,Water Bottles,Kids Bottle - Printed,14.36
B0CM5SX335,180ZWBBLACKS,S2C Kids Water Bottle with Straw Lid – 550ml Stainless Steel Double Wall Insulated BPA-Free Leak-Proof Bottle for School & Toddlers (BLACK),X002AHMR8H,Water Bottles,Kids Bottle - Printed,14.36
B0DXKBTJY1,18OZBABYWHALES,S2C Kids Water Bottle with Straw Lid – 550ml Stainless Steel Double Wall Insulated BPA-Free Leak-Proof Bottle for School & Toddlers (blue),X001WBUB3Z,Water Bottles,Kids Bottle - Printed,14.36
B0CM8WWYJ9,18OZWBBUBBLEGUMS,S2C Kids Water Bottle with Straw Lid – 550ml Stainless Steel Double Wall Insulated BPA-Free Leak-Proof Bottle for School & Toddlers (BUBBLE GUM),X0028NL47N,Water Bottles,Kids Bottle - Printed,14.36
B0F6C5T215,18OZWBMUSHROOMS,S2C Kids Water Bottle with Straw Lid – 550ml Stainless Steel Double Wall Insulated BPA-Free Leak-Proof Bottle for School & Toddlers (MUSHROOM),X001WDBTH5,Water Bottles,Kids Bottle - Printed,14.36
B0CM8LWN2C,18OZWBBLUES,S2C Kids Water Bottle with Straw Lid – 550ml Stainless Steel Double Wall Insulated BPA-Free Leak-Proof Bottle for School & Toddlers (NAVY BLUE),X002AHWAF7,Water Bottles,Kids Bottle - Printed,14.36
B0F18Z713B,18OZWBFLORALS,S2C Kids Water Bottle with Straw Lid – 550ml Stainless Steel Double Wall Insulated BPA-Free Leak-Proof Bottle for School & Toddlers (PEACH),X001GZD0P3,Water Bottles,Kids Bottle - Printed,14.36
B0DXKX2LGN,18OZRAINBOWS,S2C Kids Water Bottle with Straw Lid – 550ml Stainless Steel Double Wall Insulated BPA-Free Leak-Proof Bottle for School & Toddlers (PINK),X0029BBTK1,Water Bottles,Kids Bottle - Printed,14.36
B0CM8P1K2R,18OZWBPINKS,S2C Kids Water Bottle with Straw Lid – 550ml Stainless Steel Double Wall Insulated BPA-Free Leak-Proof Bottle for School & Toddlers (PINK),X0028NL6M1,Water Bottles,Kids Bottle - Printed,14.36
B0F18ZK5M3,18OZWBPRPLBUGS,S2C Kids Water Bottle with Straw Lid – 550ml Stainless Steel Double Wall Insulated BPA-Free Leak-Proof Bottle for School & Toddlers (PURPLE),X001WD7IJ3,Water Bottles,Kids Bottle - Printed,14.36
B0CM8MRCGX,18OZWBSKYBLUES,S2C Kids Water Bottle with Straw Lid – 550ml Stainless Steel Double Wall Insulated BPA-Free Leak-Proof Bottle for School & Toddlers (SKY BLUE),X0029B7AQN,Water Bottles,Kids Bottle - Printed,14.36
B0CGZT9463,KIDSWBBLUES,S2C Water Bottle for Kids With Straw & Handle - 16 oz BPA Free Kids Water Bottles Spill Proof Cups for kids Easy-Clean Water Bottle With Straw Kids Water Bottle For School toddler water bottle,X001LOD15X,Water Bottles,Kids Bottle - 16OZ,6.15
B0CGZVRNYBK,IDSWBPINKS,S2C Water Bottle for Kids With Straw & Handle - 16 oz BPA Free Kids Water Bottles Spill Proof Cups for kids Easy-Clean Water Bottle With Straw Kids Water Bottle For School toddler water bottle,X001UU8FGD,Water Bottles,Kids Bottle - 16OZ,6.15
B0CWLK7DRF,COFFEEMAT3040BLACKS,S2C Kitchen Mat Dish Drying Mat Anti Slip Coffee Mat Big Size 30L x 40W  3.5mm Thickness High Absorbent Mat for Kitchen Counter Kitchen Mats Drying Mat Kitchen (30*40 BLACK),X001WCO0J5,Home and Kitchen,Kitchen Mat,3.57
B0CWLN1MKG,COFFEEMAT6040BLACKS,S2C Kitchen Mat Dish Drying Mat Anti Slip Coffee Mat Big Size 60L x 40W  3.5mm Thickness High Absorbent Mat for Kitchen Counter Kitchen Mats Drying Mat Kitchen (60*40 BLACK),X001YY1373,Home and Kitchen,Kitchen Mat,5.79
B0CT8LWLBL,COFFEMATGREY60x40,S2C Kitchen Mat Dish Drying Mat Anti Slip Coffee Mat Big Size 60L x 40W  3.5mm Thickness High Absorbent Mat for Kitchen Counter Kitchen Mats Drying Mat Kitchen (60*40 GREY),X001YY6KJT,Home and Kitchen,Kitchen Mat,8.08
B00YFU7NAQ,GR-8W3U-HO7M,S2C Professional Artist Paint Brushes set with Nylon Hair Painting Brush Great for Acrylic Face Nail Art Body Art Miniature Detailing & Rock Painting Great For Kids and Adults,X001EFKND7,Art Supplies,Paint Brush,4.43
B09GG2CL11,175Pcs Party Supplies,S2C 175 PCS Rose Gold Party Supplies Serves 25 Disposable Dinnerware Set Gold Plastic Forks Knives Spoons and Golden Dot White Paper Plates Napkins and Cups for Birthday (A-175 PCS),X001LP4XVD,Home and Kitchen,Party Supplies,14.87
B098MST9MW,S2C113,S2C 175 Pcs Serves 25 Heavy Duty Black Gold Disposable Party Supplies With Paper Party Plates Napkins Cups Spoons Forks For Wedding Birthday Anniversary Graduation Dinnerware Set (BLACK GOLD),X001HVGNP5,Home and Kitchen,Party Supplies,14.87
B0C49XSL8R,175PCSPINKGOLDS,S2C 175 Pcs Serves 25 Heavy Duty Pink Gold Disposable Party Supplies With Paper Party Plates Napkins Cups Spoons Forks For Wedding Birthday Anniversary Graduation Dinnerware Set (PINK GOLD),X001EFJ2C5,Home and Kitchen,Party Supplies,14.87
B0D1VLZSM7,GREYSLCNBWLSMALLS,S2C Stainless Steel Pet Bowl Non Slip Cat Bowl Elevated Dog bowl Cat Food Bowl Cat Bowl Food and Water Cats Accessories Pet Bowl Cat Plate Dog Food Bowl Dog accessories (GREY SMALL),X001K5R7NF,Pet Supplies,Pet Bowls,9.74
B0BWNGL5XX,BLACKSILICONEBOWLS,S2C Stainless Steel Pet Bowl Non Slip Cat Bowl Elevated Dog bowl Cat Food Bowl Cat Bowl Food and Water Cats Accessories Pet Bowl Cat Plate Dog Food Bowl Dog accessories (SMALL SIZE) Black,X00208WIQ7,Pet Supplies,Pet Bowls,10.10
B0C58DZQWF,BLKSLCNBOWLLARGES,S2C Stainless Steel Pet Bowl Non-Slip Cat Bowl Elevated Dog Bowl Cat Food and Water Bowl Pet Accessories Cat Plate (Medium Size),X001ZTQ6AV,Pet Supplies,Pet Bowls,10.20
B0B53MVZPL,S2C28PC,S2C 28 Pcs Cat Toys Interactive Accessories - Cat Accessories For Indoor Cats Kitten Toys Cat Tunnel And Tent Kitten Toys For Biting Cat Toys For Kittens Cat Toy Fish For Cat Lovers,X001JANRNF,Pet Supplies,Pet Toys,9.94
B0CCDJ96FK,RCONTROLCARBLUES,S2C Remote Control Car RC Cars Stunt Car Toy 4WD 2.4Ghz Double Sided 360° Rotating RC Car with Headlights Kids Xmas Toy Cars for Boys/Girls (Blue),X001HIRSOD,Baby and Toddlers,RC Cars,14.10
B0CJF3YCZ7,STUNTCARGREENS,S2C Remote Control Car RC Cars Stunt Car Toy 4WD 2.4Ghz Double Sided 360° Rotating RC Car with Headlights Kids Xmas Toy Cars for Boys/Girls (Green),X001TM373X,Baby and Toddlers,RC Cars,14.62
B0CNLLFLQ2,RCCARYELLOWS,S2C Remote Control Car RC Cars Stunt Car Toy 4WD 2.4Ghz Double Sided 360° Rotating RC Car with Headlights Kids Xmas Toy Cars for Boys/Girls (MUSTARD YELLOW),X001VEOF3Z,Baby and Toddlers,RC Cars,14.10
B0CCD1FMSQ,RCONTROLCARREDS,S2C Remote Control Car RC Cars Stunt Car Toy 4WD 2.4Ghz Double Sided 360° Rotating RC Car with Headlights Kids Xmas Toy Cars for Boys/Girls (Red),X001WQPT69,Baby and Toddlers,RC Cars,14.13
B0CFK68FZZ,100PCSSHOECHARMSS,S2C Colorful Shoe Charms for Crocs 50 100 PCS Random Shoe Charms for Unique Shoe Décor Cute Shoe Charms Wristband Bracelet Decoration for Girls Boys and Adult (100Pcs Random Shoe Charms),X001X0YV4P,Baby and Toddlers,Shoe Charms,7.85
B0CFK456HW,50PCSSHOECHARMSS,S2C Colorful Shoe Charms for Crocs 50 100 PCS Random Shoe Charms for Unique Shoe Décor Cute Shoe Charms Wristband Bracelet Decoration for Girls Boys and Adult (50Pcs Random Shoe Charms),X001U92IYT,Baby and Toddlers,Shoe Charms,3.94
B0CZJHF8RP,CRNRSHWERCADDYBLACKS,S2C Wall Mounted Bathroom Shelf Heavy Duty Rustproof Shower Caddy with Soap Holder Stainless Steel Bathroom Organizer Bathroom Accessories Corner Shelf Kitchen Organizer (PACK OF 3),X0029HHQFR,Home and Kitchen,Shower Caddy,13.87
B0CZKTSWGD,WALLSHWRCADDYS,S2C Wall Mounted Bathroom Shelf Heavy Duty Strong Adhesive Rustproof Shower Caddy Stainless Steel Bathroom Organizer Bathroom Accessories Corner Shelf Kitchen Organizer Wall Shelf,X001ZW2XM3,Home and Kitchen,Shower Caddy,10.00
B08RJW652D,XG-DHHL-HZJ4,S2C High-Pressure Ionic Shower Head – 3 Modes Water Saving Hard Water Filter 250 Laser-Cut Spray Holes EcoPower Compatible with Non-Electric Shower Softens Water & Enhances Skin/Hair Health,X001BJ2W0N,Home and Kitchen,Shower Head,4.51
B09YZWL2Q9,DE-3LDA-FHAZ,S2C Shower Filter High Pressure Shower Head with 3 Modes and Stop Button Rainfall Spa Water Saving Ionic Shower heads Spray Handheld Shower filter for Hair loss cleans water and chlorine,X001K77AKX,Home and Kitchen,Shower Head,5.40
B09VH7K46P,WB002-E,S2C 1litre Water Bottle for Kids School Motivational Water Bottle 1l Water Bottles With Straw Leak Proof Water Bottle With Time Marker For Sport School Gym Office (MISTY ROSE),X001RWGHUF,Water Bottles,Sports Water Bottle,6.54
B09C4PWZZ4,2W-EDFH-4MBZ,S2C Motivational Large Water Bottle 1L Tritan Plastic Water Bottle With Time Markers Leak Proof Water Bottle For Kids School Water Bottles (GREEN&PINK),X001WVL625,Water Bottles,Sports Water Bottle,4.62
B09VH7BK1V,WB002-D,S2C Motivational Water Bottle 1l Water Bottle for Kids School Water Bottles With Straw Leak Proof Water Bottle With Time Marker For Sport School Gym Office (GRADIENT BLUE),X001F205M3,Water Bottles,Sports Water Bottle,6.54
B09VH7YC5F,WB002-A,S2C Motivational Water Bottle 1l Water Bottle for Kids School Water Bottles With Straw Leak Proof Water Bottle With Time Marker For Sport School Gym Office (GRADIENT GREY),X001JANRHV,Water Bottles,Sports Water Bottle,6.54
B09VH5VYX1,WB002-C,S2C Motivational Water Bottle 1l Water Bottle for Kids School Water Bottles With Straw Leak Proof Water Bottle With Time Marker For Sport School Gym Office (GRADIENT PURPLE),X001JARPA1,Water Bottles,Sports Water Bottle,6.54
B09VH7LL3H,WB002-B,S2C Motivational Water Bottle 1l Water Bottle for Kids School Water Bottles With Straw Leak Proof Water Bottle With Time Marker For Sport School Gym Office (GRADIENT PINK),X001JANY5V,Water Bottles,Sports Water Bottle,6.54
B09Z6X4T1L,BC-1XS1-4Q6N,S2C Motivational Large Water Bottle 1L Tritan Plastic Water Bottle With Time Markers Leak Proof Water Bottle For Kids School Water Bottles (BLUE),X001VERZXR,Water Bottles,Sports Water Bottle,4.62
B09XXYWDQH,1LWBGREYWHITES,S2C Motivational Large Water Bottle 1L Tritan Plastic Water Bottle With Time Markers Leak Proof Water Bottle For Kids School Water Bottles (GREY&WHITE),X0027OZUY1,Water Bottles,Sports Water Bottle,4.62
B09C4PCW35,KS-N831-CJVJ,S2C Motivational Large Water Bottle 1L Tritan Plastic Water Bottle With Time Markers Leak Proof Water Bottle For Kids School Water Bottles (GREY),X001JX22MJ,Water Bottles,Sports Water Bottle,4.62
B09C4Q1PK6,VY-9BCZ-9J69,S2C Motivational Large Water Bottle 1L Tritan Plastic Water Bottle With Time Markers Leak Proof Water Bottle For Kids School Water Bottles (PINK&BLUE),X001F1Z0KV,Water Bottles,Sports Water Bottle,4.62
B09XY3YY9G,7Q-KYD0-LK9W,S2C Motivational Large Water Bottle 1L Tritan Plastic Water Bottle With Time Markers Leak Proof Water Bottle For Kids School Water Bottles (PINK),X001F20NT3,Water Bottles,Sports Water Bottle,4.62
B09C4QBVL9,Y5-Z9FX-A7ZF,S2C Motivational Large Water Bottle 1L Tritan Plastic Water Bottle With Time Markers Leak Proof Water Bottle For Kids School Water Bottles (PURPLE&PINK),X001JX2IZF,Water Bottles,Sports Water Bottle,4.62
B0BX6WB5K6,BLUEORANGE1LS,S2C Motivational Large Water Bottle 1L Tritan Plastic Water Bottle With Time Markers Leak Proof Water Bottle For Kids School Water Bottles Plastic Water Bottle Gym Bottle (BLUE-ORANGE),X001F2073P,Water Bottles,Sports Water Bottle,4.62
B0BX6VG14T,BLUEPINK1LS,S2C Motivational Large Water Bottle 1L Tritan Plastic Water Bottle With Time Markers Leak Proof Water Bottle For Kids School Water Bottles Plastic Water Bottle Gym Bottle (BLUE-PINK),X001QE57UZ,Water Bottles,Sports Water Bottle,4.62
B09C4PR41N,57-3HRH-306S,S2C Motivational Large Water Bottle 1L Tritan Sports Water Bottle With Time Markers Leak Proof Water Bottle For Kids School Water Bottles (GREEN),X001QE506L,Water Bottles,Sports Water Bottle,4.62
B0D5V925F7,SINKORGNZRPCK1,S2C Non-Slip Under Sink Organizer Multi-Purpose Organizer With Hooks & Cup for Kitchen Bathroom Countertop and Cabinet - Sturdy and Durable with Sliding Drawers Easy Assembly,X001JALJIZ,Home and Kitchen,Under Sink Organizer,6.15
B0D5VGN1JL,SINKORGNZR2PCKS,S2C Non-Slip Under Sink Organizer Multi-Purpose Organizer With Hooks & Cup for Kitchen Bathroom Countertop and Cabinet - Sturdy and Durable with Sliding Drawers Easy Assembly (2 Pack),X0021KFJND,Home and Kitchen,Under Sink Organizer,12.31
B082K5XKK2,UG-YOYG-1N4G,S2C Professional Artist Paint Brushes set with Case Nylon Hair Painting Brush Great for Acrylic Face Nail Art Body Art Miniature Detailing & Rock Painting Great For Kids and Adults (12 WITH CASE),X001EFKND7,Art Supplies,Paint Brush,4.43
B09GB1NB9B,EA-QVX0-EUJK,S2C Wall Mounted Bathroom Shelf Heavy Duty Rustproof Shower Caddy with Soap Holder Stainless Steel Bathroom Organizer Bathroom Accessories Corner Shelf Kitchen Organizer (SILVER),X001FS9AAZ,Home and Kitchen,Shower Caddy,0
B09LYN8HFM,PTSLY-WB-04,S2C Kids Water Bottle with Straw Lid – 550ml Stainless Steel Double Wall Insulated BPA-Free Leak-Proof Bottle for School & Toddlers (OMBRE),X001GZD0P3,Water Bottles,Kids Bottle - Printed,0
B09TR8QB1W,AZ-465T-K5NX,Dish Rack Dish Drying Stand Small Dish Rack with Tray Dish Drainer Plate Rack Dish Rake Kitchen Organizer Dish Drying Rack Countertop Black Kitchen Utensils Dish Racks Black Dish Stand (TWO LEVEL),X001J1QZ5B,Home and Kitchen,Dish Rack,0
B0B6PV3VM9,WB15LPURPLES,S2C WATER BOTTLE 1.5L LEAKPROOF- GYM BOTTLE SPORTS WATER BOTTLE WITH MOTIVATIONAL WATER BOTTLE FOR KIDS SCHOOL LARGE WATER BOTTLES FOR SPORTS HIKING OFFICE WATER JUG (PURPLE),X001LOD15X,Water Bottles,40oz,0
B0C7VGKN1F,5MODESHOWERWHOSES,S2C 5 Modes Shower head with 1.5m Hose and Holder - High pressure Shower Head Set Shower Head High Pressure Power shower head to increase pressure Rain Shower head SPA Shower (Shower + Shower Hose),X001SRQF1Z,Home and Kitchen,Shower Head,0
B0C7VHY17R,5MODESHOWERS,S2C 5 Modes Shower head with 1.5m Hose and Holder - High pressure Shower Head Set Shower Head High Pressure Power shower head to increase pressure Rain Shower head SPA Shower (Shower Only),X001SRMTCT,Home and Kitchen,Shower Head,0
B0CJDWZQ5T,STUNTCARYELLOWS,S2C Remote Control Car RC Cars Stunt Car Toy 4WD 2.4Ghz Double Sided 360° Rotating RC Car with Headlights Kids Xmas Toy Cars for Boys/Girls (Yellow),X001VERZXR,Baby and Toddlers,RC Cars,14.13
B0F542MPJK,32OZDRAINBOWS,S2C Stainless Steel Water Bottle 1L 32oz Double Wall Vacuum Insulated Water Bottle BPA Free for Kids School with Spout Lid - Thermos Water Flask for Hot Water (DARK RAINBOW),X002D7S61B,Water Bottles,32oz Spout,11.79
B0FJLTMNYG,14OZWBPEACHS,S2C Kids Insulated Water Bottle 14oz – Stainless Steel Leak-Proof BPA-Free Double Wall Vacuum Flask with Straw Lid & Handle – Cute Pastel Colors for School Sports & Travel (PEACH),X002D1X3PB,Water Bottles,Kids Bottle - Zaafi 14,13.33
B0FJLVD6N8,14OZWBPYELLOWS,S2C Kids Insulated Water Bottle 14oz – Stainless Steel Leak-Proof BPA-Free Double Wall Vacuum Flask with Straw Lid & Handle – Cute Pastel Colors for School Sports & Travel (PASTEL YELLOW),X002D1UR2X,Water Bottles,Kids Bottle - Zaafi 14,13.33
B0FN4JQDLD,KIDSWBGRNDINOS,S2C Kids Water Bottle with Straw & Handle - 16 oz BPA Free Kids Water Bottles Spill Proof Cups for kids Easy-Clean Water Bottle With Straw Kids Water Bottle For School (GREEN DINOSAUR),,Water Bottles,Kids Bottle - 16OZ,6.15
B0FQJSLG1M,40OZGREENS,S2C 1200ML Insulated Water Bottle with 3 Lids Double Wall Leak Proof Stainless Steel Water Bottle With Straw Water Bottle For Gym Water Bottle Thermos Flask (GREEN),X002EGEHSH,Water Bottles,40oz,16.15
B0FT3QNH2Q,18OZPINKDOLPHINS,S2C Kids Water Bottle with Straw Lid – 550ml Stainless Steel Double Wall Insulated BPA-Free Leak-Proof Bottle for School & Toddlers (PINK DOLPHIN),X002F0RYGJ,Water Bottles,Kids Bottle - Printed,14.36
